Angles,Angles_degrees,Density,Residuals,Residuals_sqrd
0.008750954466823935,0.5013927576601671,1.108695652173913,-0.03175005655470458,0.025663215460211133
0.026252863400471806,1.5041782729805013,1.763157894736842,0.1796880842430533,0.039543037581330626
0.043754772334119674,2.506963788300835,2.05,0.34394193989687016,0.17096808422014348
0.06125668126776755,3.5097493036211698,1.4864864864864864,0.36719603728601496,0.23975809959950323
0.07875859020141542,4.5125348189415035,1.3529411764705883,0.12796478882214335,0.019385335663217908
0.0962604991350633,5.515320334261838,1.1290322580645162,0.10033388593418652,0.011588055723425755
0.11376240806871116,6.518105849582172,1.0625,0.10702684167013671,0.01315482949275241
0.13126431700235902,7.520891364902505,1.1428571428571428,0.10899616605690331,0.013939771048224012
0.1487662259360069,8.52367688022284,1.3703703703703705,0.07511975541766254,0.00832370146278611
0.16626813486965475,9.526462395543174,1.2592592592592593,0.022613753946507303,0.0029145436652647165
0.18377004380330264,10.529247910863509,1.16,-0.006205194820375796,0.002010064916993433
0.20127195273695053,11.532033426183844,1.1666666666666667,-0.019152162433935666,0.0024081995248084686
0.21877386167059837,12.534818941504176,1.0434782608695652,-0.030459455133813623,0.00260465146115182
0.23627577060424626,13.53760445682451,1.1428571428571428,-0.027609353059059583,0.0024329804429887715
0.2537776795378941,14.540389972144844,0.9090909090909091,-0.019706156276655045,0.001634729803403193
0.271279588471542,15.543175487465179,1.0,-0.007571118585417944,0.001714228109528749
0.2887814974051899,16.545961002785514,1.1111111111111112,0.012647751455373566,0.0018032258353461329
0.30628340633883777,17.54874651810585,0.9473684210526315,0.03261413463921449,0.002433288360659799
0.3237853152724856,18.55153203342618,1.0,0.05140381266874042,0.00406159594728864
0.34128722420613344,19.554317548746514,0.9444444444444444,0.07836563287992736,0.007633219784029068
0.35878913313978134,20.55710306406685,1.0,0.09648543599367747,0.010759429364415318
0.3762910420734292,21.559888579387184,0.9411764705882353,0.12110949136622269,0.015944057571999383
0.3937929510070771,22.56267409470752,0.875,0.17227921000796714,0.03098323246462655
0.41129485994072496,23.56545961002785,0.8666666666666667,0.23338536868760076,0.055634581827075306
0.42879676887437285,24.568245125348188,0.75,0.30911477623578915,0.09668636518379146
0.4462986778080207,25.57103064066852,0.7857142857142857,0.3852242821312044,0.14997964645478085
0.4638005867416686,26.573816155988855,0.8,0.5090434060642343,0.26128313927802643
0.48130249567531647,27.57660167130919,0.8571428571428571,0.6256327942713061,0.3926709923966878
0.49880440460896436,28.579387186629525,1.0833333333333333,0.6966791250199473,0.48692656671326495
0.5163063135426122,29.58217270194986,1.0,0.7835727252503666,0.6154561649262209
0.53380822247626,30.58495821727019,1.0,0.8631222018014595,0.7464498844125338
0.5513101314099079,31.587743732590525,1.0833333333333333,0.9321074174480142,0.8702092977254322
0.5688120403435558,32.59052924791086,1.0,0.9960913477838691,0.9934432677389705
0.5863139492772037,33.5933147632312,1.0833333333333333,1.0536029779239404,1.111284591743141
0.6038158582108515,34.596100278551525,0.9166666666666666,1.113129731940277,1.2402604353227236
0.6213177671444994,35.59888579387186,1.0909090909090908,1.1543622219783292,1.3336795878185785
0.6388196760781473,36.6016713091922,1.2,1.1446829534397591,1.3118146765282712
0.6563215850117952,37.60445682451253,1.0833333333333333,1.0762680021549595,1.1600667504481275
0.673823493945443,38.607242339832865,1.0,0.9740417831882353,0.9500542856377249
0.6913254028790909,39.6100278551532,1.0833333333333333,0.8879228197539253,0.7903020195833551
0.7088273118127387,40.61281337047353,1.3636363636363635,0.7800497798600045,0.6109189845834746
0.7263292207463866,41.615598885793865,1.2727272727272727,0.6575582898736395,0.43463227815085614
0.7438311296800345,42.6183844011142,0.9333333333333333,0.5441083259652524,0.2985945511235259
0.7613330386136824,43.62116991643454,1.6363636363636365,0.3892193247614162,0.1558473836108012
0.7788349475473303,44.62395543175487,1.4285714285714286,0.21464106896146004,0.050988930350629125
0.7963368564809781,45.6267409470752,1.0833333333333333,0.06910787564928358,0.0074870026150639975
0.813838765414626,46.62952646239554,1.2142857142857142,-0.08948282314850674,0.01155383877118411
0.8313406743482739,47.63231197771587,0.9333333333333333,-0.22193087179718166,0.05204443429101257
0.8488425832819217,48.635097493036206,0.9285714285714286,-0.3462886289284056,0.12202371300340988
0.8663444922155696,49.637883008356546,0.9285714285714286,-0.4617352529904019,0.21529688253379606
0.8838464011492175,50.64066852367688,0.8571428571428571,-0.5855012828877008,0.3444702717925403
0.9013483100828653,51.643454038997206,0.6666666666666666,-0.6983885806432392,0.48978944399064744
0.9188502190165132,52.646239554317546,0.75,-0.7915394319856383,0.6283025230905301
0.9363521279501611,53.64902506963788,0.6875,-0.8664394700744061,0.7518200263580067
0.953854036883809,54.65181058495821,0.7058823529411765,-0.9471259859491522,0.8982314466724315
0.9713559458174569,55.654596100278546,0.6111111111111112,-1.00799601741393,1.016769249252706
0.9888578547511047,56.65738161559888,0.8,-1.0463944289954354,1.096189470000921
1.0063597636847526,57.66016713091921,0.7368421052631579,-1.0806710761579335,1.1689451672124778
1.0238616726184004,58.662952646239546,0.8095238095238095,-1.0953764045063388,1.2011772002087302
1.0413635815520483,59.66573816155989,1.0,-1.1009517039824481,1.2136600967102757
1.058865490485696,60.668523676880206,0.8695652173913043,-1.0595257407017784,1.1241427123733434
1.0763673994193441,61.67130919220055,1.4090909090909092,-0.9922537543651437,0.9884568244326326
1.0938693083529918,62.67409470752088,2.32,-0.832197036739566,0.7079573456869098
1.11137121728664,63.67688022284123,3.3461538461538463,-0.5337898701466801,0.3120310750676413
1.1288731262202876,64.67966573816155,1.7037037037037037,-0.29159929669386764,0.09013336794461803
1.1463750351539357,65.6824512534819,1.4074074074074074,-0.1921670556484556,0.04007397918443014
1.1638769440875834,66.68523676880221,1.1612903225806452,-0.13061146584293715,0.018858590191412276
1.1813788530212315,67.68802228412257,1.1333333333333333,-0.12301271811606569,0.01662881724674236
1.1988807619548791,68.6908077994429,1.1764705882352942,-0.12104612214942789,0.016522045503902027
1.216382670888527,69.69359331476322,0.9722222222222222,-0.12708200919765406,0.017500356473787337
1.233884579822175,70.69637883008356,0.868421052631579,-0.15030666261234946,0.023797345605026277
1.2513864887558226,71.69916434540389,0.5833333333333334,-0.2362099783166473,0.05760995689991924
1.2688883976894707,72.70194986072423,0.5,-0.18456011674340664,0.03630786578088743
1.2863903066231184,73.70473537604455,0.47619047619047616,-0.01957583736480515,0.0028537515045344397
1.3038922155567665,74.70752089136491,0.55,0.1273370706905059,0.018478407028516403
1.3213941244904142,75.71030640668522,0.6052631578947368,0.24855319331267473,0.06329443037959813
1.3388960334240623,76.71309192200557,0.9375,0.3201403520973267,0.10363964964309562
1.35639794235771,77.7158774373259,1.15625,0.30859512447262366,0.09737327696287679
1.373899851291358,78.71866295264624,1.5483870967741935,0.22045674049561184,0.05306350495593481
1.3914017602250057,79.72144846796657,1.4482758620689655,0.12070544874559332,0.01817526328806654
1.4089036691586534,80.7242339832869,1.2142857142857142,0.05339261872555081,0.005404131875570251
1.4264055780923015,81.72701949860723,1.16,0.01051975904798622,0.001954442597451437
1.4439074870259492,82.72980501392756,1.16,-0.01950895486702468,0.0023866717849027855
1.4614093959595973,83.7325905292479,1.173913043478261,-0.04921864614246302,0.004405782530097876
1.478911304893245,84.73537604456823,1.0454545454545454,-0.05775375479756841,0.005102891594146555
1.496413213826893,85.73816155988858,1.0476190476190477,-0.07062704232312535,0.006379093207497703
1.5139151227605407,86.7409470752089,0.9523809523809523,-0.04497266327515224,0.0032767254042179437
1.5314170316941889,87.74373259052925,0.8421052631578947,-0.021563671778388298,0.0014508671448540341
1.5489189406278365,88.74651810584957,0.7894736842105263,0.007520098970914457,0.0009578571141363353
1.5664208495614846,89.74930362116991,0.8,0.06321916021378335,0.005024392851964873
1.5839227584951323,90.75208913649024,1.0,0.10618051994434496,0.012318114114355048
1.60142466742878,91.75487465181057,0.8333333333333334,0.11527827438599644,0.014660876971046816
1.618926576362428,92.75766016713091,1.3333333333333333,0.12167626894387644,0.01630467917465509
1.6364284852960758,93.76044568245123,1.0588235294117647,0.12080647668537368,0.016541609714778013
1.6539303942297239,94.76323119777159,0.8823529411764706,0.1148513681864012,0.014562633199922027
1.6714323031633715,95.7660167130919,0.9333333333333333,0.11098191819638513,0.01357679939646672
1.6889342120970197,96.76880222841226,1.0666666666666667,0.11786359400301794,0.015338119531734383
1.7064361210306673,97.77158774373258,1.0714285714285714,0.11445861448277166,0.01447167670473729
1.7239380299643154,98.77437325905292,1.0769230769230769,0.10124120796141056,0.011597481523760838
1.7414399388979631,99.77715877437325,1.1428571428571428,0.10111885359527523,0.011939418420233893
1.7589418478316112,100.77994428969359,0.9285714285714286,0.09394362257561682,0.010107316653556008
1.776443756765259,101.78272980501391,1.0833333333333333,0.08577690118311786,0.008882428543558845
1.7939456656989066,102.78551532033424,0.9230769230769231,0.09204477816819963,0.009481290731572193
1.8114475746325547,103.78830083565458,1.0,0.11979174452689532,0.015631974487723056
1.8289494835662023,104.79108635097491,1.0,0.11582427119679066,0.014837838316732688
1.8464513924998505,105.79387186629526,1.0,0.13753157775103117,0.020109546321923626
1.8639533014334981,106.79665738161559,1.0,0.15051967465661042,0.024421247491219655
1.8814552103671462,107.79944289693593,1.1,0.17431963994029018,0.03159695704371046
1.898957119300794,108.80222841225626,1.0909090909090908,0.15933352054190536,0.026929567081292
1.916459028234442,109.8050139275766,1.1818181818181819,0.14283497180485497,0.02183045482932798
1.9339609371680897,110.80779944289692,1.0833333333333333,0.12156825832944201,0.01620746709208822
1.9514628461017378,111.81058495821728,1.2,0.11325874065469488,0.014185939461798027
1.9689647550353855,112.81337047353759,0.7692307692307693,0.10193183970884061,0.011101206441506356
1.9864666639690332,113.81615598885791,1.2727272727272727,0.06749357181650288,0.006002508594537377
2.0039685729026813,114.81894150417827,0.8461538461538461,0.02823985807665935,0.0016594368509505776
2.021470481836329,115.82172701949858,0.8461538461538461,-0.007593216342493469,0.0013557212801915024
2.038972390769977,116.82451253481894,0.8333333333333334,-0.04545212355552065,0.002777002030783929
2.0564742997036247,117.82729805013926,0.9230769230769231,-0.0715380724024281,0.006316321806790049
2.073976208637273,118.8300835654596,1.1428571428571428,-0.1037180397464194,0.012172416076469031
2.0914781175709205,119.83286908077993,1.0,-0.12754568804498115,0.01771502889685566
2.108980026504568,120.83565459610026,1.0,-0.14252068072445578,0.021663364086983154
2.1264819354382163,121.8384401114206,1.3571428571428572,-0.1545513349562725,0.026028665169859664
2.1439838443718644,122.84122562674095,1.4,-0.12091946335249057,0.017311660564838773
2.161485753305512,123.84401114206128,1.411764705882353,-0.06465208332541424,0.007099042968096926
2.1789876622391597,124.84679665738159,1.125,-0.048458841780340586,0.0038727222623122295
2.196489571172808,125.84958217270194,1.0625,-0.044095347865465755,0.0033199501998515614
2.213991480106456,126.85236768802228,1.0,-0.05695384093552417,0.004565223603887882
2.2314933890401036,127.85515320334261,0.9444444444444444,-0.08051368302716443,0.007613517952308687
2.2489952979737513,128.85793871866292,0.9444444444444444,-0.11283808306502409,0.013870206449776193
2.266497206907399,129.86072423398326,0.9,-0.1502515821076989,0.02367110939413769
2.283999115841047,130.8635097493036,0.9,-0.17754215369634316,0.03273927016697856
2.301501024774695,131.86629526462394,0.8695652173913043,-0.2019120290656514,0.04202353838972649
2.319002933708343,132.86908077994428,1.2,-0.2333279196153717,0.05572689680396242
2.3365048426419905,133.8718662952646,0.6521739130434783,-0.2493177447238061,0.06285916058748596
2.3540067515756387,134.87465181058494,0.8333333333333334,-0.27570560511700193,0.07689868366537823
2.3715086605092868,135.8774373259053,0.8518518518518519,-0.27955734918355535,0.07910138833150168
2.3890105694429344,136.88022284122562,0.8571428571428571,-0.3048076839164298,0.09392898328146763
2.406512478376582,137.88300835654593,0.9259259259259259,-0.3081994512219508,0.09600055941155033
2.4240143873102302,138.8857938718663,0.9354838709677419,-0.3039641459742203,0.09378085838008722
2.441516296243878,139.8885793871866,1.0,-0.286171762278145,0.0830090258267078
2.459018205177526,140.89136490250695,0.8529411764705882,-0.30232774530955214,0.09239150060202839
2.4765201141111737,141.8941504178273,0.8857142857142857,-0.31437337144123384,0.09989927640874587
2.4940220230448213,142.8969359331476,0.8157894736842105,-0.3474997367158749,0.12177128272531822
2.5115239319784695,143.89972144846794,0.6756756756756757,-0.37015167438700325,0.1379374016939982
2.5290258409121176,144.9025069637883,0.525,-0.18532401516481073,0.03945632851514565
2.5465277498457652,145.90529247910862,0.43902439024390244,0.020365455488432098,0.0038478432440369175
2.564029658779413,146.90807799442894,0.4166666666666667,0.19647160715498344,0.04066080737575193
2.581531567713061,147.9108635097493,0.5277777777777778,0.28421265556224534,0.08200023703509314
2.599033476646709,148.91364902506965,0.7272727272727273,0.3907461210667999,0.15368294031227978
2.616535385580357,149.91643454038996,1.096774193548387,0.39932259276449317,0.1610441386281933
2.6340372945140045,150.9192200557103,0.9666666666666667,0.38767575708051116,0.1515076833486741
2.651539203447652,151.9220055710306,1.0,0.3982850302786339,0.16018625444781298
2.6690411123813003,152.92479108635095,1.2222222222222223,0.3921558322448777,0.155608070559542
2.6865430213149484,153.92757660167132,0.9629629629629629,0.35150638181050564,0.12512302161424363
2.704044930248596,154.93036211699163,1.375,0.28403887456625615,0.08354900765030307
2.7215468391822437,155.93314763231194,1.1818181818181819,0.21247134933703193,0.04705350257122716
2.739048748115892,156.9359331476323,0.9565217391304348,0.15769926079618915,0.026444186126512184
2.75655065704954,157.93871866295265,1.0476190476190477,0.11076419303359764,0.01367494965584705
2.7740525659831876,158.94150417827296,0.9523809523809523,0.0834407894687797,0.008272887387019442
2.7915544749168353,159.9442896935933,0.8,0.06934155887846129,0.005665193886085345
2.809056383850483,160.94707520891362,0.9,0.045544345843221264,0.0034423685340865206
2.826558292784131,161.94986072423396,1.0,0.012389847804179621,0.001392467969950264
2.844060201717779,162.9526462395543,0.8421052631578947,-0.02129289834347695,0.001666195885628228
2.861562110651427,163.95543175487464,0.8888888888888888,-0.04777710914068112,0.003499980282853452
2.8790640195850745,164.95821727019495,0.8235294117647058,-0.059944347262708975,0.004673702681797958
2.8965659285187226,165.9610027855153,0.875,-0.0835036675326082,0.008116309539873395
2.9140678374523707,166.96378830083566,0.9375,-0.08622952382852916,0.008709964381597697
2.9315697463860184,167.96657381615597,0.75,-0.08408332001901003,0.008077568949391515
2.949071655319666,168.96935933147628,0.9285714285714286,-0.08468956539849552,0.008138197746169067
2.966573564253314,169.97214484679665,0.7333333333333333,-0.09499713485313586,0.010026278709177267
2.984075473186962,170.97493036211696,0.8,-0.08784861914572334,0.008689455380301461
3.00157738212061,171.9777158774373,0.6923076923076923,-0.09106096512794364,0.009078065011836065
3.0190792910542577,172.98050139275765,0.8461538461538461,-0.07262452190119219,0.005972307603377681
3.0365811999879053,173.98328690807796,0.6,-0.04148082977533326,0.002392000899770657
3.0540831089215534,174.9860724233983,0.75,-0.03327805389532849,0.0020204694901296014
3.0715850178552015,175.98885793871867,0.6666666666666666,-0.009722946101930696,0.0007734845307916407
3.089086926788849,176.99164345403898,0.75,0.03437938104347177,0.0020949824600013777
3.106588835722497,177.9944289693593,0.6923076923076923,0.08470194261248631,0.00808745970139809
3.124090744656145,178.99721448467966,0.8181818181818182,0.13502450418150128,0.019144657348529447
3.141592653589793,180.0,0.8181818181818182,0.17612733593078078,0.03179489793921049
3.159094562523441,181.0027855153203,0.75,0.1409993683353553,0.020793862490038367
3.1765964714570885,182.00557103064065,0.5833333333333334,0.10262678586733147,0.011057309822970473
3.194098380390736,183.00835654596096,0.6666666666666666,0.06740312190566514,0.0052224248058032885
3.2116002893243842,184.0111420612813,0.75,0.02342667727008222,0.0014618498269857675
3.2291021982580324,185.01392757660167,0.7692307692307693,0.004478285273286925,0.0006972771115290997
3.24660410719168,186.01671309192199,0.7142857142857143,-0.02591009519112452,0.0013485551053533042
3.2641060161253277,187.0194986072423,0.7692307692307693,-0.06791976734538921,0.005331397533364141
3.281607925058976,188.02228412256267,0.6923076923076923,-0.09505252990635643,0.009948024060667963
3.299109833992624,189.025069637883,0.5625,-0.1269583584698368,0.01668871734705914
3.3166117429262716,190.02785515320332,0.7857142857142857,-0.14006896234584704,0.02042162402125663
3.3341136518599193,191.03064066852366,0.8666666666666667,-0.12785880181439996,0.01742915932698683
3.3516155607935674,192.033426183844,0.9333333333333333,-0.11828296803066175,0.015350174965858566
3.369117469727215,193.0362116991643,0.875,-0.10381511070120951,0.012148111854091906
3.386619378660863,194.03899721448468,0.875,-0.09176982145755722,0.009569088796877184
3.404121287594511,195.041782729805,0.8235294117647058,-0.0821147247243067,0.007663997344013203
3.4216231965281585,196.0445682451253,0.8823529411764706,-0.05798990397190204,0.00454274432849442
3.4391251054618066,197.04735376044567,0.7777777777777778,-0.04991747705378698,0.0033878428192246133
3.4566270143954547,198.050139275766,0.8421052631578947,-0.04216833921723371,0.0027757639883588025
3.4741289233291024,199.05292479108633,0.8888888888888888,-0.038072938239686854,0.0026174566982244095
3.49163083226275,200.05571030640667,0.9,-0.021900625939266175,0.0015294708669044107
3.509132741196398,201.058495821727,0.8571428571428571,-0.026726667313538094,0.0017641481960613483
3.5266346501300463,202.06128133704735,0.7619047619047619,-0.01886337154257503,0.0012027350031414458
3.544136559063694,203.0640668523677,0.75,-0.0145487256903347,0.001128262001846865
3.5616384679973416,204.066852367688,0.9090909090909091,-0.014647244648119239,0.0012230742497440189
3.5791403769309893,205.0696378830083,0.8076923076923077,-0.008834562915423208,0.0011377905051768787
3.5966422858646374,206.07242339832868,0.72,-0.023124558720057493,0.0013238124839991259
3.6141441947982855,207.07520891364902,0.9230769230769231,-0.019774328282244027,0.001560227737174065
3.631646103731933,208.07799442896933,0.8275862068965517,-0.013108372204274113,0.0011458054589418433
3.649148012665581,209.08077994428967,1.0689655172413792,0.011694288301976772,0.00202358565620108
3.666649921599229,210.08356545961,0.8125,0.06078569593562514,0.004666833876295166
3.684151830532877,211.08635097493035,0.9375,0.07702848600063252,0.007015934239601301
3.7016537394665248,212.08913649025067,0.8611111111111112,0.08608622599492952,0.008696444501020268
3.7191556484001724,213.091922005571,0.8157894736842105,0.10265168193721354,0.011561796363337628
3.7366575573338205,214.09470752089135,0.6578947368421053,0.0895571759110239,0.008658896484279026
3.754159466267468,215.09749303621166,0.4634146341463415,0.042706973313929274,0.0024197898983288856
3.7716613752011163,216.10027855153203,0.696969696969697,0.029968846266237505,0.003363074815329585
3.789163284134764,217.10306406685234,0.4473684210526316,0.24714331245905694,0.06550860545843112
3.8066651930684117,218.10584958217265,1.2,0.3568974607188138,0.12887201219499964
3.82416710200206,219.10863509749302,1.4411764705882353,0.3183462825374361,0.10464347799265857
3.841669010935708,220.11142061281336,2.15625,0.1288485106900652,0.029024449864942257
3.8591709198693556,221.11420612813367,1.1612903225806452,-0.05330243105899257,0.005477743389209011
3.8766728288030032,222.116991643454,1.1785714285714286,-0.10505057346827784,0.012895090817110728
3.8941747377366513,223.11977715877435,0.8214285714285714,-0.14081497476578908,0.02105195248352968
3.9116766466702995,224.1225626740947,1.0,-0.1493377912887558,0.023378912160947514
3.929178555603947,225.12534818941504,0.76,-0.14303511896927565,0.02126079925875406
3.946680464537595,226.12813370473535,0.8695652173913043,-0.13178413066298839,0.01824972254905526
3.9641823734712425,227.13091922005566,0.6190476190476191,-0.10170581376071357,0.01106178093336941
3.9816842824048906,228.13370473537603,0.7272727272727273,-0.045050375311295486,0.002796430442164903
3.9991861913385387,229.13649025069637,0.75,-0.010963642880677882,0.0008188563960466506
4.016688100272186,230.13927576601668,0.7368421052631579,0.019210599802050275,0.0010891630804196444
4.034190009205834,231.14206128133702,0.75,0.07883053400997242,0.007018357968137937
4.051691918139483,232.1448467966574,0.6111111111111112,0.11671881994619895,0.014453143101124433
4.06919382707313,233.1476323119777,0.7777777777777778,0.16869939638634682,0.029328818098668392
4.086695736006778,234.15041782729804,0.7777777777777778,0.1932398695527023,0.03806176312041044
4.104197644940426,235.15320334261835,0.875,0.22479113605022277,0.0512511707824148
4.121699553874073,236.15598885793867,0.8666666666666667,0.2510360750084109,0.06391464153593937
4.139201462807721,237.158774373259,0.625,0.2954552719023408,0.08784259453456977
4.1567033717413695,238.16155988857938,0.75,0.33388363872430166,0.11227768202861745
4.174205280675017,239.1643454038997,0.9230769230769231,0.35692141381865333,0.12819229346314379
4.191707189608665,240.16713091922003,0.7142857142857143,0.3699520967902555,0.1373103792523982
4.209209098542313,241.1699164345404,0.4375,0.3654689366274889,0.13417310569183308
4.226711007475961,242.1727019498607,0.6363636363636364,0.3480875070987365,0.12147583149996588
4.244212916409609,243.17548746518105,0.8461538461538461,0.34366389114840756,0.11903554065083123
4.261714825343256,244.17827298050136,1.0769230769230769,0.33712825869896934,0.11483360058960597
4.279216734276904,245.18105849582167,1.3333333333333333,0.3190690566594877,0.10393848130388941
4.296718643210553,246.18384401114204,1.0,0.2776477031139004,0.07868196360846648
4.3142205521442,247.18662952646238,1.3,0.23755892162883419,0.057996696634940066
4.331722461077848,248.1894150417827,0.9230769230769231,0.20378751880104637,0.04264960870749721
4.349224370011496,249.19220055710304,1.2,0.20005441583785277,0.04124718025340905
4.366726278945144,250.1949860724234,1.0,0.1927949704995411,0.03852614177556216
4.384228187878792,251.19777158774372,0.7272727272727273,0.22041235212175858,0.049683065735985896
4.4017300968124395,252.20055710306406,0.75,0.25511081946938846,0.06581358568186987
4.419232005746087,253.20334261838437,0.75,0.23050526946578953,0.05391145719383793
4.436733914679735,254.20612813370468,0.6666666666666666,0.2060274460828055,0.043302560336461196
4.454235823613383,255.20891364902505,0.8333333333333334,0.18534730588020604,0.035184325523005405
4.471737732547031,256.21169916434536,0.7692307692307693,0.15418880140901653,0.024494512449494233
4.489239641480679,257.2144846796657,0.8461538461538461,0.14852057421981313,0.023315884232315308
4.5067415504143264,258.21727019498604,0.7692307692307693,0.13378524954099247,0.018729194720700483
4.524243459347975,259.2200557103064,0.7857142857142857,0.12526431552098402,0.016474584425571023
4.541745368281623,260.2228412256267,0.8461538461538461,0.10654465012504372,0.012135198152898293
4.55924727721527,261.22562674094706,0.8571428571428571,0.10329055707278716,0.01152854183749944
4.576749186148918,262.22841225626735,1.0714285714285714,0.12544593490602898,0.01726382794404582
4.594251095082566,263.2311977715877,0.9333333333333333,0.15260786872756357,0.0243296137316046
4.611753004016214,264.2339832869081,1.0,0.18204598616393267,0.034228164479780096
4.629254912949862,265.23676880222837,0.8,0.18328888959353182,0.03445441970552255
4.64675682188351,266.2395543175487,0.6111111111111112,0.20627848156144496,0.043335974003565265
4.664258730817157,267.24233983286905,1.1333333333333333,0.22642524536452152,0.052393939812731494
4.681760639750806,268.2451253481894,0.8235294117647058,0.25369248838529845,0.06562385223635366
4.6992625486844535,269.24791086350973,1.3333333333333333,0.3159003141248774,0.10179874425735846
4.716764457618101,270.25069637883007,1.0,0.35435596770895983,0.12711528583516898
4.734266366551749,271.25348189415035,1.0,0.35612075105290975,0.12819735582586933
4.7517682754853965,272.2562674094707,1.0526315789473684,0.3565632923882312,0.1285127479741161
4.769270184419045,273.2590529247911,1.1904761904761905,0.3570611513904675,0.12886804150779999
4.786772093352693,274.2618384401114,0.9,0.3444472256402408,0.11988312669599134
4.80427400228634,275.2646239554317,1.1363636363636365,0.3318332998900144,0.11148871459141
4.821775911219989,276.2674094707521,1.0869565217391304,0.3323864765591648,0.11185614547492984
4.839277820153637,277.2701949860724,1.0,0.3329396532283168,0.11222418836730555
4.856779729087284,278.27298050139274,0.9230769230769231,0.33679382511346595,0.11453596372833426
4.874281638020932,279.2757660167131,0.7037037037037037,0.2830489303731283,0.08079986410480183
4.89178354695458,280.27855153203336,0.75,0.24104894484563308,0.05912041901075922
4.909285455888227,281.2813370473537,0.6666666666666666,0.19503327958769043,0.03874146700769288
4.926787364821876,282.2841225626741,0.7419354838709677,0.15013923309838018,0.023489114822074213
4.9442892737555235,283.2869080779944,0.7878787878787878,0.13597306716255347,0.0193872584497621
4.961791182689171,284.2896935933147,0.8285714285714286,0.1394310940677533,0.020324024093117045
4.97929309162282,285.2924791086351,0.6578947368421053,0.11584330195691765,0.014357290402754552
4.996795000556467,286.2952646239554,0.475,0.025646252538549286,0.0021992620718961596
5.014296909490115,287.29805013927574,0.3333333333333333,-0.11933469307809098,0.01714725236480846
5.031798818423763,288.3008356545961,0.4594594594594595,-0.21185573610163497,0.04605063488765874
5.04930072735741,289.30362116991637,0.5789473684210527,-0.11312923810193896,0.013830284600881666
5.066802636291058,290.3064066852367,0.7222222222222222,-0.048922147807631204,0.0031419023748901656
5.084304545224707,291.3091922005571,0.7941176470588235,-0.014647277768169082,0.0009975664352819648
5.101806454158354,292.3119777158774,0.75,0.01042934305888424,0.00092083554599015
5.119308363092002,293.31476323119773,0.7931034482758621,0.030908810119304676,0.0016170488700217056
5.1368102720256505,294.3175487465181,1.0357142857142858,0.04429653381785206,0.0032736610918570317
5.154312180959298,295.3203342618384,1.0689655172413792,0.010165914258050725,0.0019003286117600445
5.171814089892946,296.32311977715875,1.25,-0.06671841357044907,0.006278591594135499
5.189315998826594,297.3259052924791,1.04,-0.11925109220544958,0.015858701596088882
5.206817907760241,298.3286908077994,0.9545454545454546,-0.12618591646592212,0.016965689446916482
5.22431981669389,299.3314763231198,0.9090909090909091,-0.12767199302103577,0.017241966740642326
5.2418217256275375,300.3342618384401,0.9545454545454546,-0.12866168849612392,0.017882125995905294
5.259323634561185,301.3370473537604,0.95,-0.12702072871521705,0.017225659966807624
5.276825543494833,302.33983286908074,1.05,-0.12741358019781351,0.01773814872084595
5.294327452428481,303.34261838440113,0.8888888888888888,-0.1450242605466762,0.021880034634325075
5.311829361362129,304.3454038997214,1.0526315789473684,-0.16166509520763236,0.027694975111789637
5.329331270295777,305.34818941504176,0.7777777777777778,-0.1679804937694726,0.029017905090084777
5.346833179229424,306.3509749303621,0.8823529411764706,-0.17890870929682953,0.03293168392962162
5.364335088163072,307.3537604456824,0.875,-0.1749088435830458,0.03172453769650956
5.381836997096721,308.3565459610028,1.0,-0.17025949106843502,0.03005580770939503
5.399338906030368,309.3593314763231,0.7058823529411765,-0.1631648881799964,0.02744410442587762
5.416840814964016,310.3621169916434,0.8571428571428571,-0.14186306973847868,0.020964217145272912
5.434342723897664,311.36490250696374,0.7857142857142857,-0.12726962919356255,0.017091937094042376
5.451844632831312,312.36768802228414,0.8571428571428571,-0.10839623790734076,0.012634461266126681
5.46934654176496,313.3704735376044,0.8,-0.0779576144139229,0.006956894182319978
5.4868484506986075,314.37325905292477,0.8181818181818182,-0.05845362494590183,0.004410708827623174
5.504350359632255,315.3760445682451,0.7333333333333333,-0.024413545723401466,0.0013676810839912076
5.521852268565903,316.3788300835654,0.8181818181818182,0.006858858837686622,0.0007803573487981325
5.539354177499551,317.3816155988858,0.9285714285714286,0.03357132045751059,0.002175532087509312
5.556856086433199,318.3844011142061,0.75,0.06146348296294302,0.004596437638271455
5.574357995366847,319.3871866295264,0.9090909090909091,0.08558412872136609,0.00828921996694733
5.591859904300494,320.38997214484675,0.9166666666666666,0.11981554838991007,0.015502182789615787
5.609361813234143,321.3927576601671,1.0,0.14728594969153652,0.02273218674971018
5.626863722167791,322.39554317548743,0.7272727272727273,0.17940134240464206,0.03287808752681475
5.644365631101438,323.3983286908078,0.8181818181818182,0.22299801610391862,0.05072199774459075
5.661867540035086,324.4011142061281,0.9090909090909091,0.23369519560217702,0.05572627175210063
5.679369448968734,325.4038997214484,0.6923076923076923,0.16812683066584555,0.028944327601279112
5.696871357902382,326.4066852367688,0.8333333333333334,0.12045067185227223,0.015672484689158488
5.71437326683603,327.4094707520891,0.6923076923076923,0.0800227712132396,0.007620999553783376
5.7318751757696775,328.4122562674094,0.75,0.03878253419132443,0.00218178136983854
5.749377084703326,329.4150417827298,0.75,-0.0024577028305925223,0.0008852964540033088
5.766878993636974,330.4178272980501,0.7857142857142857,-0.009923812055102546,0.0011190269694472384
5.784380902570621,331.42061281337044,0.9285714285714286,-0.014598436829344728,0.0014144642331269535
5.801882811504269,332.4233983286908,0.7857142857142857,-0.011677545829755713,0.0010725885008207202
5.819384720437917,333.4261838440111,0.7142857142857143,-0.001825727949436793,0.0007365742177088838
5.836886629371564,334.4289693593314,0.75,-0.0020136693491295977,0.000816442774154275
5.854388538305213,335.4317548746518,0.7333333333333333,-0.001235148152332653,0.0008795460180927459
5.871890447238861,336.4345403899721,0.875,-0.0073131034245158474,0.0011690634309963613
5.889392356172508,337.4373259052924,1.0,0.006554094375725581,0.0013670418609303253
5.906894265106157,338.4401114206128,0.8888888888888888,0.016930407506142362,0.0015296496093789363
5.924396174039805,339.4428969359331,1.0,0.01969143346157375,0.0016391711400788808
5.941898082973452,340.44568245125345,0.8888888888888888,0.01517189202042365,0.0014338260078550246
5.9593999919071,341.4484679665738,0.8888888888888888,0.019087728692431895,0.0015679810870114633
5.976901900840748,342.45125348189407,0.8947368421052632,0.014978699899048079,0.0013984116152947488
5.994403809774395,343.4540389972144,0.9,0.005925729901548639,0.0014083418282402511
6.011905718708044,344.4568245125348,0.8095238095238095,-0.00661912855712739,0.0010317016023132035
6.0294076276416915,345.4596100278551,0.8095238095238095,-0.019237491949015483,0.00122000627109636
6.046909536575339,346.46239554317543,0.9047619047619048,-0.037059091456873416,0.0025167965413999626
6.064411445508988,347.46518105849583,0.875,-0.0477372181262181,0.0034614036117005596
6.081913354442635,348.4679665738161,0.8333333333333334,-0.06506025198823583,0.00528991612349238
6.099415263376283,349.47075208913645,0.88,-0.07895203416462877,0.007501814932888162
6.116917172309931,350.4735376044568,0.8846153846153846,-0.08163924067562724,0.00774553266959038
6.134419081243578,351.4763231197771,0.9259259259259259,-0.07267871377906955,0.00637130304674745
6.151920990177227,352.4791086350975,0.8,-0.07807829012860155,0.007229441700864624
6.169422899110875,353.4818941504178,0.8709677419354839,-0.07159276922893941,0.006396397880496235
6.186924808044522,354.4846796657381,0.9375,-0.07237631763428624,0.006568611409392365
6.20442671697817,355.48746518105844,1.0,-0.0792361924679604,0.007407872941398837
6.2219286259118185,356.49025069637884,0.675,-0.09709560309167162,0.010557495566179952
6.239430534845466,357.4930362116991,0.7837837837837838,-0.13163245208433402,0.018216664377158347
6.256932443779114,358.49582172701946,0.6666666666666666,-0.17584888888682204,0.03183786396678065
6.2744343527127615,359.4986072423398,0.7297297297297297,-0.2410215332226431,0.05904811825498301
